10205,444,197,7,0,2320
10205,444,211,8,0,2312
10205,444,224,9,0,2320
10205,444,238,10,0,2312
10205,444,250,11,1,1924
10205,444,264,12,0,2312
10205,444,277,13,0,2320
10205,444,291,14,0,2312
10205,444,304,15,0,2320
10205,444,318,16,0,2312
10205,444,332,17,0,2320
10205,444,344,18,0,2312
10205,444,358,19,0,2320
10205,444,371,20,0,2312
10205,444,385,21,1,1924
10205,444,397,22,0,2312
10205,444,410,23,0,2320
10205,444,424,24,0,2312
10205,444,438,25,0,2320
10205,444,450,26,0,2312
10205,444,464,27,0,2320
10205,444,479,28,0,2312
10205,444,491,29,0,2320
10205,444,505,30,0,2312
10205,444,518,31,1,1924
10205,444,532,32,0,2312
10205,444,544,33,0,2320
10205,444,558,34,0,2312
10205,444,571,35,0,2320
10205,444,583,36,0,2312
10205,444,597,37,0,2320
10205,444,611,38,0,2312
10205,444,624,39,0,2320
10205,444,638,40,0,2312
10205,444,652,41,1,1924
10205,444,664,42,0,2312
10205,444,679,43,0,2320
10205,444,691,44,0,2312
10205,444,705,45,0,2320
10205,444,718,46,0,2312
10205,444,730,47,0,2320
10205,444,744,48,0,2312
10205,444,758,49,0,2320
10205,444,771,50,0,2312
10205,444,785,51,1,1924
10205,444,797,52,0,2312
10205,444,811,53,0,2320
10205,444,824,54,0,2312
10205,444,836,55,0,2320
10205,444,852,56,0,2312
10205,444,865,57,0,2320
10205,444,879,58,0,2312
10205,444,891,59,0,2320
10205,444,905,60,0,2312
10205,444,918,61,1,1924
10205,444,932,62,0,2312
10205,444,996,63,0,2320
10205,444,997,64,0,2312
10205,444,998,65,0,2320
10205,444,999,66,0,2312
10205,444,1000,67,0,2320
10205,444,1011,68,0,2312
10205,444,1025,69,0,2320
10205,444,1036,70,0,2312
10205,444,1050,71,1,1924
10205,444,1063,72,0,2312
10205,444,1079,73,0,2320
10205,444,1091,74,0,2312
10205,444,1105,75,0,2320
10205,444,1119,76,0,2312
10205,444,1132,77,0,2320
10205,444,1146,78,0,2312
10205,444,1158,79,0,2320
10205,444,1172,80,0,2312
10205,444,1185,81,1,1924
10205,444,1197,82,0,2312
10205,444,1211,83,0,2320
10205,444,1224,84,0,2312
10205,444,1238,85,0,2320
10205,444,1252,86,0,2312
10205,444,1266,87,0,2320
10205,444,1279,88,0,2312
10205,444,1293,89,0,2320
10205,444,1304,90,0,2312
10205,444,1319,91,1,1924
10205,444,1332,92,0,2312
10205,444,1346,93,0,2320
10205,444,1358,94,0,2312
10205,444,1372,95,0,2320
10205,444,1385,96,0,2312
10205,444,1399,97,0,2320
10205,444,1411,98,0,2312
10205,444,1424,99,0,2320
10205,444,1438,100,0,2312
10205,444,1452,101,1,1924
10205,444,1466,102,0,2312
10205,444,1479,103,0,2320
10205,444,1493,104,0,2312
10205,444,1505,105,0,2320
10205,444,1519,106,0,2312
10205,444,1532,107,0,2320
10205,444,1546,108,0,2312
10205,444,1558,109,0,2320
10205,444,1572,110,0,2312
10205,444,1586,111,1,1924
10205,444,1599,112,0,2312
10205,444,1611,113,0,2320
10205,444,1625,114,0,2312
10205,444,1639,115,0,2320
10205,444,1652,116,0,2312
10205,444,1666,117,0,2320
10205,444,1679,118,0,2312
10205,444,1693,119,0,2320
10205,444,1704,120,0,2312
10205,444,1719,121,1,1924
10205,444,1732,122,0,2312
10205,444,1746,123,0,2320
10205,444,1760,124,0,2312
10205,444,1772,125,0,2320
10205,444,1786,126,0,2312
10205,444,1799,127,0,2320
10205,444,1813,128,0,2312
10205,444,1825,129,0,2320
10205,444,1838,130,0,2312
10205,444,1852,131,1,1924
10205,444,1866,132,0,2312
10205,444,1879,133,0,2320
10205,444,1893,134,0,2312
10205,444,1907,135,0,2320
10205,444,1919,136,0,2312
10205,444,1933,137,0,2320
10205,444,1946,138,0,2312
10205,444,1960,139,0,2320
10205,444,1972,140,0,2312
10205,444,1986,141,1,1924
10205,444,1999,142,0,2312
10205,444,2013,143,0,2320
10205,444,2025,144,0,2312
10205,444,2038,145,0,2320
10205,444,2050,146,0,2312
10205,444,2066,147,0,2320
10205,444,2079,148,0,2312
10205,444,2093,149,0,2320
10205,444,2107,150,0,2312
10205,444,2119,151,1,1924
10205,444,2133,152,0,2312
10205,444,2146,153,0,2320
10205,444,2160,154,0,2312
10205,444,2172,155,0,2320
10205,444,2186,156,0,2312
10205,444,2199,157,0,2320
10205,444,2213,158,0,2312
10205,444,2227,159,0,2320
10205,444,2239,160,0,2312
10205,444,2254,161,1,1924
10205,444,2266,162,0,2312
10205,444,2279,163,0,2320
10205,444,2291,164,0,2312
10205,444,2307,165,0,2320
10205,444,2319,166,0,2312
10205,444,2333,167,0,2320
10205,444,2346,168,0,2312
10205,444,2360,169,0,2320
10205,444,2374,170,0,2312
10205,444,2386,171,1,1924
10205,444,2400,172,0,2312
10205,444,2413,173,0,2320
10205,444,2427,174,0,2312
10205,444,2439,175,0,2320
10205,444,2454,176,0,2312
10205,444,2466,177,0,2320
10205,444,2479,178,0,2312
10205,444,2493,179,0,2320
10205,444,2507,180,0,2312
10205,444,2519,181,1,1924
10205,444,2533,182,0,2312
10205,444,2547,183,0,2320
10205,444,2560,184,0,2312
10205,444,2574,185,0,2320
10205,444,2586,186,0,2312
10205,444,2599,187,0,2320
10205,444,2611,188,0,2312
10205,444,2627,189,0,2320
10205,444,2639,190,0,2312
10205,444,2654,191,1,1924
10205,444,2666,192,0,2312
10205,444,2679,193,0,2320
10205,444,2694,194,0,2312
10205,444,2707,195,0,2320
10205,444,2721,196,0,2312
10205,444,2733,197,0,2320
10205,444,2747,198,0,2312
10205,444,2760,199,0,2320
10205,444,2774,200,0,2312
10205,444,2786,201,1,1924
10205,444,2799,202,0,2312
10205,444,2813,203,0,2320
10205,444,2827,204,0,2312
10205,444,2839,205,0,2320
10205,444,2854,206,0,2312
10205,444,2868,207,0,2320
10205,444,2879,208,0,2312
10205,444,2894,209,0,2320
10205,444,2907,210,0,2312
10205,444,2919,211,1,1924
10205,444,2933,212,0,2312
10205,444,2947,213,0,2320
10205,444,2958,214,0,2312
10205,444,2974,215,0,2320
10205,444,2986,216,0,2312
10205,444,3000,217,0,2320
10205,444,3014,218,0,2312
10205,444,3027,219,0,2320
10205,444,3041,220,0,2312
10205,444,3054,221,1,1924
10205,444,3068,222,0,2312
10205,444,3080,223,0,2320
10205,444,3093,224,0,2312
10205,444,3107,225,0,2320
10205,444,3121,226,0,2312
10205,444,3132,227,0,2320
10205,444,3147,228,0,2312
10205,444,3160,229,0,2320
10205,444,3174,230,0,2312
10205,444,3188,231,1,1924
10205,444,3199,232,0,2312
10205,444,3214,233,0,2320
10205,444,3227,234,0,2312
10205,444,3241,235,0,2320
10205,444,3254,236,0,2312
10205,444,3268,237,0,2320
10205,444,3279,238,0,2312
10205,444,3294,239,0,2320
10205,444,3307,240,0,2312
10205,444,3321,241,1,1924
10205,444,3335,242,0,2312
10205,444,3347,243,0,2320
10205,444,3361,244,0,2312
10205,444,3374,245,0,2320
10205,444,3388,246,0,2312
10205,444,3400,247,0,2320
10205,444,3414,248,0,2312
10205,444,3427,249,0,2320
10205,444,3441,250,0,2312
10205,444,3454,251,1,1924
10205,444,3468,252,0,2312
10205,444,3479,253,0,2320
10205,444,3494,254,0,2312
10205,444,3508,255,0,2320
10205,444,3521,256,0,2312
10205,444,3535,257,0,2320
10205,444,3547,258,0,2312
10205,444,3561,259,0,2320
10205,444,3574,260,0,2312
10205,444,3588,261,1,1924
10205,444,3600,262,0,2312
10205,444,3614,263,0,2320
10205,444,3627,264,0,2312
10205,444,3641,265,0,2320
10205,444,3654,266,0,2312
10205,444,3668,267,0,2320
10205,444,3682,268,0,2312
10205,444,3694,269,0,2320
10205,444,3708,270,0,2312
10205,444,3721,271,1,1924
10205,444,3735,272,0,2312
10205,444,3747,273,0,2320
10205,444,3761,274,0,2312
10205,444,3774,275,0,2320
10205,444,3788,276,0,2312
10205,444,3802,277,0,2320
10205,444,3814,278,0,2312
10205,444,3827,279,0,2320
10205,444,3841,280,0,2312
10205,444,3854,281,1,1924
10205,444,3868,282,0,2312
10205,444,3882,283,0,2320
10205,444,3894,284,0,2312
10205,444,3908,285,0,2320
10205,444,3921,286,0,2312
10205,444,3935,287,0,2320
10205,444,3947,288,0,2312
10205,444,3960,289,0,2320
10205,444,3975,290,0,2312
10205,444,3988,291,1,1924
10205,444,4002,292,0,2312
10205,444,4014,293,0,2320
10205,444,4029,294,0,2312
10205,444,4039,295,0,2320
10205,444,4054,296,0,2312
10205,444,4068,297,0,2320
10205,444,4082,298,0,2312
10205,444,4094,299,0,2320
10205,444,4108,300,0,2312
10205,444,4122,301,1,1924
10205,444,4135,302,0,2312
10205,444,4149,303,0,2320
10205,444,4160,304,0,2312
10205,444,4175,305,0,2320
10205,444,4188,306,0,2312
10205,444,4202,307,0,2320
10205,444,4214,308,0,2312
10205,444,4228,309,0,2320
10205,444,4241,310,0,2312
10205,444,4254,311,1,1924
10205,444,4266,312,0,2312
10205,444,4282,313,0,2320
10205,444,4296,314,0,2312
10205,444,4308,315,0,2320
10205,444,4322,316,0,2312
10205,444,4335,317,0,2320
10205,444,4349,318,0,2312
10205,444,4360,319,0,2320
10205,444,4375,320,0,2312
10205,444,4388,321,1,1924
10205,444,4402,322,0,2312
10205,444,4414,323,0,2320
10205,444,4427,324,0,2312
10205,444,4443,325,0,2320
10205,444,4455,326,0,2312
10205,444,4469,327,0,2320
10205,444,4482,328,0,2312
10205,444,4496,329,0,2320
10205,444,4508,330,0,2312
10205,444,4522,331,1,1924
10205,444,4535,332,0,2312
10205,444,4549,333,0,2320
10205,444,4561,334,0,2312
10205,444,4575,335,0,2320
10205,444,4588,336,0,2312
10205,444,4602,337,0,2320
10205,444,4616,338,0,2312
10205,444,4628,339,0,2320
10205,444,4643,340,0,2312
10205,444,4655,341,1,1924
10205,444,4669,342,0,2312
10205,444,4680,343,0,2320
10205,444,4696,344,0,2312
10205,444,4708,345,0,2320
10205,444,4722,346,0,2312
10205,444,4735,347,0,2320
10205,444,4749,348,0,2312
10205,444,4763,349,0,2320
10205,444,4775,350,0,2312
10205,444,4789,351,1,1924
10205,444,4802,352,0,2312
10205,444,4816,353,0,2320
10205,444,4828,354,0,2312
10205,444,4843,355,0,2320
10205,444,4855,356,0,2312
10205,444,4869,357,0,2320
10205,444,4882,358,0,2312
10205,444,4896,359,0,2320
10205,444,4908,360,0,2312
10205,444,4922,361,1,1924
10205,444,4936,362,0,2312
10205,444,4949,363,0,2320
10205,444,4963,364,0,2312
10205,444,4975,365,0,2320
10205,444,4989,366,0,2312
10205,444,5002,367,0,2320
10205,444,5016,368,0,2312
10205,444,5028,369,0,2320
10205,444,5043,370,0,2312
10205,444,5055,371,1,1924
10205,444,5069,372,0,2312
10205,444,5083,373,0,2320
10205,444,5096,374,0,2312
10205,444,5108,375,0,2320
10205,444,5122,376,0,2312
10205,444,5136,377,0,2320
10205,444,5149,378,0,2312
10205,444,5163,379,0,2320
10205,444,5175,380,0,2312
10205,444,5189,381,1,1924
10205,444,5202,382,0,2312
10205,444,5216,383,0,2320
10205,444,5230,384,0,2312
10205,444,5241,385,0,2320
10205,444,5257,386,0,2312
10205,444,5269,387,0,2320
10205,444,5283,388,0,2312
10205,444,5296,389,0,2320
10205,444,5310,390,0,2312
10205,444,5322,391,1,1924
10205,444,5336,392,0,2312
10205,444,5349,393,0,2320
10205,444,5363,394,0,2312
10205,444,5375,395,0,2320
10205,444,5389,396,0,2312
10205,444,5402,397,0,2320
10205,444,5416,398,0,2312
10205,444,5430,399,0,2320
10205,444,5443,400,0,2312
10205,444,5457,401,1,1924
10205,444,5469,402,0,2312
10205,444,5483,403,0,2320
10205,444,5496,404,0,2312
10205,444,5510,405,0,2320
10205,444,5522,406,0,2312
10205,444,5536,407,0,2320
10205,444,5549,408,0,2312
10205,444,5563,409,0,2320
10205,444,5577,410,0,2312
10205,444,5589,411,1,1924
10205,444,5602,412,0,2312
10205,444,5616,413,0,2320
10205,444,5630,414,0,2312
10205,444,5643,415,0,2320
10205,444,5657,416,0,2312
10205,444,5669,417,0,2320
10205,444,5683,418,0,2312
10205,444,5696,419,0,2320
10205,444,5708,420,0,2312
10205,444,5722,421,1,1924
10205,444,5735,422,0,2312
10205,444,5749,423,0,2320
10205,444,5763,424,0,2312
10205,444,5777,425,0,2320
10205,444,5789,426,0,2312
10205,444,5803,427,0,2320
10205,444,5816,428,0,2312
10205,444,5830,429,0,2320
10205,444,5843,430,0,2312
10205,444,5857,431,1,1924
10205,444,5871,432,0,2312
10205,444,5883,433,0,2320
10205,444,5897,434,0,2312
10205,444,5910,435,0,2320
10205,444,5922,436,0,2312
10205,444,5936,437,0,2320
10205,444,5949,438,0,2312
10205,444,5963,439,0,2320
10205,444,5977,440,0,2312
10205,444,5989,441,1,1924
10205,444,6003,442,0,2312
10205,444,6016,443,0,2320
10205,444,6030,444,0,2312
10205,444,6044,445,0,2320
10205,444,6057,446,0,2312
10205,444,6071,447,0,2320
10205,444,6083,448,0,2312
10205,444,6097,449,0,2320
10205,444,6110,450,0,2312
10205,444,6122,451,1,1924
10205,444,6136,452,0,2312
10205,444,6149,453,0,2320
10205,444,6163,454,0,2312
10205,444,6177,455,0,2320
10205,444,6191,456,0,2312
10205,444,6203,457,0,2320
10205,444,6218,458,0,2312
10205,444,6230,459,0,2320
10205,444,6244,460,0,2312
10205,444,6255,461,1,1924
10205,444,6271,462,0,2312
10205,444,6283,463,0,2320
10205,444,6297,464,0,2312
10205,444,6310,465,0,2320
10205,444,6322,466,0,2312
10205,444,6336,467,0,2320
10205,444,6349,468,0,2312
10205,444,6364,469,0,2320
10205,444,6377,470,0,2312
10205,444,6391,471,1,1924
10205,444,6403,472,0,2312
10205,444,6418,473,0,2320
10205,444,6430,474,0,2312
10205,444,6443,475,0,2320
10205,444,6457,476,0,2312
10205,444,6471,477,0,2320
10205,444,6483,478,0,2312
10205,444,6497,479,0,2320
10205,444,6511,480,0,2312
10205,444,6522,481,1,1924
10205,444,6538,482,0,2312
10205,444,6549,483,0,2320
10205,444,6564,484,0,2312
10205,444,6577,485,0,2320
10205,444,6589,486,0,2312
10205,444,6603,487,0,2320
10205,444,6616,488,0,2312
10205,444,6630,489,0,2320
10205,444,6643,490,0,2312
10205,444,6658,491,1,1924
10205,444,6671,492,0,2312
10205,444,6685,493,0,2320
10205,444,6697,494,0,2312
10205,444,6711,495,0,2320
10205,444,6722,496,0,2312
10205,444,6738,497,0,2320
10205,444,6749,498,0,2312
10205,444,6764,499,0,2320
10205,444,6777,500,0,2312
10205,444,6789,501,1,1924
10205,444,6803,502,0,2312
10205,444,6818,503,0,2320
10205,444,6832,504,0,2312
10205,444,6843,505,0,2320
10205,444,6857,506,0,2312
10205,444,6871,507,0,2320
10205,444,6885,508,0,2312
10205,444,6897,509,0,2320
10205,444,6911,510,0,2312
10205,444,6922,511,1,1924
10205,444,6936,512,0,2312
10205,444,6949,513,0,2320
10205,444,6964,514,0,2312
10205,444,6978,515,0,2320
10205,444,6989,516,0,2312
10205,444,7005,517,0,2320
10205,444,7016,518,0,2312
10205,444,7032,519,0,2320
10205,444,7043,520,0,2312
10205,444,7058,521,1,1924
10205,444,7071,522,0,2312
10205,444,7085,523,0,2320
10205,444,7097,524,0,2312
10205,444,7111,525,0,2320
10205,444,7124,526,0,2312
10205,444,7138,527,0,2320
10205,444,7152,528,0,2312
10205,444,7164,529,0,2320
10205,444,7178,530,0,2312
10205,444,7189,531,1,1924
10205,444,7205,532,0,2312
10205,444,7218,533,0,2320
10205,444,7232,534,0,2312
10205,444,7243,535,0,2320
10205,444,7258,536,0,2312
10205,444,7271,537,0,2320
10205,444,7285,538,0,2312
10205,444,7299,539,0,2320
10205,444,7311,540,0,2312
10205,444,7325,541,1,1924
10205,444,7338,542,0,2312
10205,444,7352,543,0,2320
10205,444,7364,544,0,2312
10205,444,7378,545,0,2320
10205,444,7391,546,0,2312
10205,444,7405,547,0,2320
10205,444,7418,548,0,2312
10205,444,7432,549,0,2320
10205,444,7443,550,0,2312
10205,444,7458,551,1,1924
10205,444,7472,552,0,2312
10205,444,7485,553,0,2320
10205,444,7499,554,0,2312
10205,444,7511,555,0,2320
10205,444,7525,556,0,2312
10205,444,7538,557,0,2320
10205,444,7550,558,0,2312
10205,444,7564,559,0,2320
10205,444,7578,560,0,2312
10205,444,7591,561,1,1924
10205,444,7605,562,0,2312
10205,444,7618,563,0,2320
10205,444,7632,564,0,2312
10205,444,7646,565,0,2320
10205,444,7657,566,0,2312
10205,444,7672,567,0,2320
10205,444,7685,568,0,2312
10205,444,7699,569,0,2320
10205,444,7711,570,0,2312
10205,444,7725,571,1,1924
10205,444,7738,572,0,2312
10205,444,7752,573,0,2320
10205,444,7764,574,0,2312
10205,444,7778,575,0,2320
10205,444,7793,576,0,2312
10205,444,7805,577,0,2320
10205,444,7818,578,0,2312
10205,444,7830,579,0,2320
10205,444,7846,580,0,2312
10205,444,7857,581,1,1924
10205,444,7872,582,0,2312
10205,444,7885,583,0,2320
10205,444,7899,584,0,2312
10205,444,7911,585,0,2320
10205,444,7925,586,0,2312
10205,444,7939,587,0,2320
10205,444,7952,588,0,2312
10205,444,7966,589,0,2320
10205,444,7977,590,0,2312
10205,444,7992,591,1,1924
10205,444,8005,592,0,2312
10205,444,8019,593,0,2320
10205,444,8032,594,0,2312
10205,444,8046,595,0,2320
10205,444,8058,596,0,2312
10205,444,8072,597,0,2320
10205,444,8086,598,0,2312
10205,444,8099,599,0,2320
10205,444,8111,600,0,2312
10205,444,8125,601,1,1924
10205,444,8138,602,0,2312
10205,444,8152,603,0,2320
10205,444,8166,604,0,2312
10205,444,8178,605,0,2320
10205,444,8192,606,0,2312
10205,444,8205,607,0,2320
10205,444,8218,608,0,2312
10205,444,8232,609,0,2320
10205,444,8246,610,0,2312
10205,444,8260,611,1,1924
10205,444,8272,612,0,2312
10205,444,8286,613,0,2320
10205,444,8297,614,0,2312
10205,444,8313,615,0,2320
10205,444,8324,616,0,2312
10205,444,8338,617,0,2320
10205,444,8352,618,0,2312
10205,444,8366,619,0,2320
10205,444,8378,620,0,2312
10205,444,8392,621,1,1924
10205,444,8407,622,0,2312
10205,444,8418,623,0,2320
10205,444,8433,624,0,2312
10205,444,8446,625,0,2320
10205,444,8460,626,0,2312
10205,444,8471,627,0,2320
10205,444,8486,628,0,2312
10205,444,8499,629,0,2320
10205,444,8513,630,0,2312
10205,444,8525,631,1,1924
10205,444,8538,632,0,2312
10205,444,8550,633,0,2320
10205,444,8566,634,0,2312
10205,444,8580,635,0,2320
10205,444,8592,636,0,2312
10205,444,8607,637,0,2320
10205,444,8619,638,0,2312
10205,444,8633,639,0,2320
10205,444,8646,640,0,2312
10205,444,8660,641,1,1924
10205,444,8672,642,0,2312
10205,444,8686,643,0,2320
10205,444,8699,644,0,2312
10205,444,8713,645,0,2320
10205,444,8727,646,0,2312
10205,444,8739,647,0,2320
10205,444,8752,648,0,2312
10205,444,8766,649,0,2320
10205,444,8780,650,0,2312
10205,444,8792,651,1,1924
10205,444,8807,652,0,2312
10205,444,8819,653,0,2320
10205,444,8833,654,0,2312
10205,444,8846,655,0,2320
10205,444,8860,656,0,2312
10205,444,8872,657,0,2320
10205,444,8886,658,0,2312
10205,444,8899,659,0,2320
10205,444,8913,660,0,2312
10205,444,8927,661,1,1924
10205,444,8939,662,0,2312
10205,444,8953,663,0,2320
10205,444,8966,664,0,2312
10205,444,8980,665,0,2320
10205,444,8992,666,0,2312
10205,444,9007,667,0,2320
10205,444,9019,668,0,2312
10205,444,9033,669,0,2320
10205,444,9047,670,0,2312
10205,444,9060,671,1,1924
10205,444,9074,672,0,2312
10205,444,9086,673,0,2320
10205,444,9099,674,0,2312
10205,444,9113,675,0,2320
10205,444,9127,676,0,2312
10205,444,9139,677,0,2320
10205,444,9153,678,0,2312
10205,444,9166,679,0,2320
10205,444,9180,680,0,2312
10205,444,9194,681,1,1924
10205,444,9207,682,0,2312
10205,444,9221,683,0,2320
10205,444,9233,684,0,2312
10205,444,9247,685,0,2320
10205,444,9260,686,0,2312
10205,444,9272,687,0,2320
10205,444,9286,688,0,2312
10205,444,9300,689,0,2320
10205,444,9313,690,0,2312
10205,444,9327,691,1,1924
10205,444,9339,692,0,2312
10205,444,9353,693,0,2320
10205,444,9367,694,0,2312
10205,444,9380,695,0,2320
10205,444,9394,696,0,2312
10205,444,9407,697,0,2320
10205,444,9421,698,0,2312
10205,444,9433,699,0,2320
10205,444,9447,700,0,2312
10205,444,9460,701,1,1924
10205,444,9474,702,0,2312
10205,444,9486,703,0,2320
10205,444,9499,704,0,2312
10205,444,9514,705,0,2320
10205,444,9525,706,0,2312
10205,444,9541,707,0,2320
10205,444,9553,708,0,2312
10205,444,9567,709,0,2320
10205,444,9580,710,0,2312
10205,444,9594,711,1,1924
10205,444,9607,712,0,2312
10205,444,9621,713,0,2320
10205,444,9633,714,0,2312
10205,444,9647,715,0,2320
10205,444,9660,716,0,2312
10205,444,9674,717,0,2320
10205,444,9686,718,0,2312
10205,444,9699,719,0,2320
10205,444,9714,720,0,2312
10205,444,9727,721,1,1924
10205,444,9741,722,0,2312
10205,444,9753,723,0,2320
10205,444,9767,724,0,2312
10205,444,9780,725,0,2320
10205,444,9794,726,0,2312
10205,444,9807,727,0,2320
10205,444,9819,728,0,2312
10205,444,9835,729,0,2320
10205,444,9847,730,0,2312
10205,444,9860,731,1,1924
10205,444,9872,732,0,2312
10205,444,9888,733,0,2320
10205,444,9900,734,0,2312
10205,444,9914,735,0,2320
10205,444,9927,736,0,2312
10205,444,9941,737,0,2320
10205,444,9953,738,0,2312
10205,444,9967,739,0,2320
10205,444,9980,740,0,2312
10205,444,9994,741,1,1924
10205,444,10008,742,0,2312
10205,444,10019,743,0,2320
10205,444,10033,744,0,2312
10205,444,10047,745,0,2320
10205,444,10061,746,0,2312
10205,444,10074,747,0,2320
10205,444,10088,748,0,2312
10205,444,10099,749,0,2320
10205,444,10114,750,0,2312
10205,444,10127,751,1,1924
10205,444,10141,752,0,2312
10205,444,10155,753,0,2320
10205,444,10167,754,0,2312
10205,444,10180,755,0,2320
10205,444,10194,756,0,2312
10205,444,10208,757,0,2320
10205,444,10221,758,0,2312
10205,444,10235,759,0,2320
10205,444,10247,760,0,2312
10205,444,10261,761,1,1924
10205,444,10274,762,0,2312
10205,444,10286,763,0,2320
10205,444,10299,764,0,2312
10205,444,10314,765,0,2320
10205,444,10328,766,0,2312
10205,444,10341,767,0,2320
10205,444,10355,768,0,2312
10205,444,10367,769,0,2320
10205,444,10382,770,0,2312
10205,444,10394,771,1,1924
10205,444,10407,772,0,2312
10205,444,10421,773,0,2320
10205,444,10435,774,0,2312
10205,444,10447,775,0,2320
10205,444,10461,776,0,2312
10205,444,10475,777,0,2320
10205,444,10488,778,0,2312
10205,444,10502,779,0,2320
10205,444,10514,780,0,2312
10205,444,10528,781,1,1924
10205,444,10541,782,0,2312
10205,444,10555,783,0,2320
10205,444,10567,784,0,2312
10205,444,10582,785,0,2320
10205,444,10594,786,0,2312
10205,444,10607,787,0,2320
10205,444,10621,788,0,2312
10205,444,10635,789,0,2320
10205,444,10649,790,0,2312
10205,444,10661,791,1,1924
10205,444,10675,792,0,2312
10205,444,10688,793,0,2320
10205,444,10702,794,0,2312
10205,444,10714,795,0,2320
10205,444,10728,796,0,2312
10205,444,10741,797,0,2320
10205,444,10755,798,0,2312
10205,444,10767,799,0,2320
10205,444,10782,800,0,2312
10205,444,10796,801,1,1924
10205,444,10807,802,0,2312
10205,444,10822,803,0,2320
10205,444,10835,804,0,2312
10205,444,10849,805,0,2320
10205,444,10861,806,0,2312
10205,444,10875,807,0,2320
10205,444,10888,808,0,2312
10205,444,10902,809,0,2320
10205,444,10914,810,0,2312
10205,444,10928,811,1,1924
10205,444,10941,812,0,2312
10205,444,10955,813,0,2320
10205,444,10969,814,0,2312
10205,444,10982,815,0,2320
10205,444,10996,816,0,2312
10205,444,11007,817,0,2320
10205,444,11021,818,0,2312
10205,444,11035,819,0,2320
10205,444,11049,820,0,2312
10205,444,11061,821,1,1924
10205,444,11075,822,0,2312
10205,444,11088,823,0,2320
10205,444,11100,824,0,2312
10205,444,11116,825,0,2320
10205,444,11128,826,0,2312
10205,444,11142,827,0,2320
10205,444,11155,828,0,2312
10205,444,11167,829,0,2320
10205,444,11182,830,0,2312
10205,444,11196,831,1,1924
10205,444,11207,832,0,2312
10205,444,11222,833,0,2320
10205,444,11235,834,0,2312
10205,444,11249,835,0,2320
10205,444,11263,836,0,2312
10205,444,11275,837,0,2320
10205,444,11289,838,0,2312
10205,444,11300,839,0,2320
10205,444,11316,840,0,2312
10205,444,11328,841,1,1924
10205,444,11342,842,0,2312
10205,444,11355,843,0,2320
10205,444,11367,844,0,2312
10205,444,11382,845,0,2320
10205,444,11396,846,0,2312
10205,444,11407,847,0,2320
10205,444,11422,848,0,2312
10205,444,11436,849,0,2320
10205,444,11449,850,0,2312
10205,444,11463,851,1,1924
10205,444,11475,852,0,2312
10205,444,11489,853,0,2320
10205,444,11500,854,0,2312
10205,444,11516,855,0,2320
10205,444,11528,856,0,2312
10205,444,11542,857,0,2320
10205,444,11555,858,0,2312
10205,444,11569,859,0,2320
10205,444,11582,860,0,2312
10205,444,11594,861,1,1924
10205,444,11610,862,0,2312
10205,444,11622,863,0,2320
10205,444,11636,864,0,2312
10205,444,11649,865,0,2320
10205,444,11663,866,0,2312
10205,444,11675,867,0,2320
10205,444,11689,868,0,2312
10205,444,11700,869,0,2320
10205,444,11716,870,0,2312
10205,444,11728,871,1,1924
10205,444,11742,872,0,2312
10205,444,11757,873,0,2320
10205,444,11769,874,0,2312
10205,444,11782,875,0,2320
10205,444,11796,876,0,2312
10205,444,11810,877,0,2320
10205,444,11822,878,0,2312
10205,444,11836,879,0,2320
10205,444,11849,880,0,2312
10205,444,11863,881,1,1924
10205,444,11875,882,0,2312
10205,444,11889,883,0,2320
10205,444,11903,884,0,2312
10205,444,11916,885,0,2320
10205,444,11930,886,0,2312
10205,444,11941,887,0,2320
10205,444,11957,888,0,2312
10205,444,11969,889,0,2320
10205,444,11982,890,0,2312
10205,444,11996,891,1,1924
10205,444,12010,892,0,2312
10205,444,12021,893,0,2320
10205,444,12036,894,0,2312
10205,444,12049,895,0,2320
10205,444,12063,896,0,2312
10205,444,12075,897,0,2320
10205,444,12089,898,0,2312
10205,444,12103,899,0,2320
10205,444,12116,900,0,2312
10205,444,12130,901,1,1924
10205,444,12142,902,0,2312
10205,444,12157,903,0,2320
10205,444,12169,904,0,2312
10205,444,12182,905,0,2320
10205,444,12194,906,0,2312
10205,444,12210,907,0,2320
10205,444,12224,908,0,2312
10205,444,12235,909,0,2320
10205,444,12249,910,0,2312
10205,444,12263,911,1,1924
10205,444,12277,912,0,2312
10205,444,12289,913,0,2320
10205,444,12303,914,0,2312
10205,444,12316,915,0,2320
10205,444,12330,916,0,2312
10205,444,12341,917,0,2320
10205,444,12357,918,0,2312
10205,444,12371,919,0,2320
10205,444,12382,920,0,2312
10205,444,12397,921,1,1924
10205,444,12410,922,0,2312
10205,444,12424,923,0,2320
10205,444,12436,924,0,2312
10205,444,12449,925,0,2320
10205,444,12461,926,0,2312
10205,444,12477,927,0,2320
10205,444,12489,928,0,2312
10205,444,12503,929,0,2320
10205,444,12516,930,0,2312
10205,444,12530,931,1,1924
10205,444,12544,932,0,2312
10205,444,12557,933,0,2320
10205,444,12571,934,0,2312
10205,444,12582,935,0,2320
10205,444,12597,936,0,2312
10205,444,12610,937,0,2320
10205,444,12624,938,0,2312
10205,444,12636,939,0,2320
10205,444,12649,940,0,2312
10205,444,12663,941,1,1924
10205,444,12677,942,0,2312
10205,444,12691,943,0,2320
10205,444,12703,944,0,2312
10205,444,12717,945,0,2320
10205,444,12730,946,0,2312
10205,444,12744,947,0,2320
10205,444,12757,948,0,2312
10205,444,12771,949,0,2320
10205,444,12782,950,0,2312
10205,444,12797,951,1,1924
10205,444,12810,952,0,2312
10205,444,12824,953,0,2320
10205,444,12836,954,0,2312
10205,444,12849,955,0,2320
10205,444,12864,956,0,2312
10205,444,12877,957,0,2320
10205,444,12891,958,0,2312
10205,444,12903,959,0,2320
10205,444,12917,960,0,2312
10205,444,12930,961,1,1924
10205,444,12942,962,0,2312
10205,444,12956,963,0,2320
10205,444,12971,964,0,2312
10205,444,12982,965,0,2320
10205,444,12997,966,0,2312
10205,444,13011,967,0,2320
10205,444,13024,968,0,2312
10205,444,13038,969,0,2320
10205,444,13050,970,0,2312
10205,444,13064,971,1,1924
10205,444,13075,972,0,2312
10205,444,13091,973,0,2320
10205,444,13103,974,0,2312
10205,444,13117,975,0,2320
10205,444,13130,976,0,2312
10205,444,13142,977,0,2320
10205,444,13156,978,0,2312
10205,444,13169,979,0,2320
10205,444,13185,980,0,2312
10205,444,13196,981,1,1924
10205,444,13211,982,0,2312
10205,444,13224,983,0,2320
10205,444,13238,984,0,2312
10205,444,13250,985,0,2320
10205,444,13263,986,0,2312
10205,444,13275,987,0,2320
10205,444,13291,988,0,2312
10205,444,13303,989,0,2320
10205,444,13317,990,0,2312
10205,444,13331,991,1,1924
10205,444,13344,992,0,2312
10205,444,13358,993,0,2320
10205,444,13371,994,0,2312
10205,444,13385,995,0,2320
10205,444,13396,996,0,2312
10205,444,13411,997,0,2320
10205,444,13424,998,0,2312
10205,444,13436,999,0,2320
10205,444,13449,1000,0,2312
10205,444,13464,1001,1,1924
10205,444,13477,1002,0,2312
10205,444,13489,1003,0,2320
10205,444,13505,1004,0,2312
10205,444,13517,1005,0,2320
10205,444,13532,1006,0,2312
10205,444,13544,1007,0,2320
10205,444,13558,1008,0,2312
10205,444,13571,1009,0,2320
10205,444,13585,1010,0,2312
10205,444,13597,1011,1,1924
10205,444,13611,1012,0,2312
10205,444,13624,1013,0,2320
10205,444,13638,1014,0,2312
10205,444,13652,1015,0,2320
10205,444,13664,1016,0,2312
10205,444,13678,1017,0,2320
10205,444,13691,1018,0,2312
10205,444,13705,1019,0,2320
10205,444,13717,1020,0,2312
10205,444,13731,1021,1,1924
10205,444,13744,1022,0,2312
10205,444,13758,1023,0,2320
10205,444,13771,1024,0,2312
10205,444,13785,1025,0,2320
10205,444,13797,1026,0,2312
10205,444,13811,1027,0,2320
10205,444,13825,1028,0,2312
10205,444,13836,1029,0,2320
10205,444,13852,1030,0,2312
10205,444,13864,1031,1,1924
10205,444,13878,1032,0,2312
10205,444,13891,1033,0,2320
10205,444,13905,1034,0,2312
10205,444,13917,1035,0,2320
10205,444,13931,1036,0,2312
10205,444,13944,1037,0,2320
10205,444,13958,1038,0,2312
10205,444,13972,1039,0,2320
10205,444,13985,1040,0,2312
10205,444,13997,1041,1,1924
10205,444,14011,1042,0,2312
10205,444,14025,1043,0,2320
10205,444,14038,1044,0,2312
10205,444,14050,1045,0,2320
10205,444,14064,1046,0,2312
10205,444,14078,1047,0,2320
10205,444,14091,1048,0,2312
10205,444,14105,1049,0,2320
10205,444,14119,1050,0,2312
10205,444,14130,1051,1,1924
10205,444,14146,1052,0,2312
10205,444,14158,1053,0,2320
10205,444,14172,1054,0,2312
10205,444,14183,1055,0,2320
10205,444,14197,1056,0,2312
10205,444,14211,1057,0,2320
10205,444,14225,1058,0,2312
10205,444,14238,1059,0,2320
10205,444,14252,1060,0,2312
10205,444,14264,1061,1,1924
10205,444,14278,1062,0,2312
10205,444,14292,1063,0,2320
10205,444,14305,1064,0,2312
10205,444,14319,1065,0,2320
10205,444,14331,1066,0,2312
10205,444,14346,1067,0,2320
10205,444,14358,1068,0,2312
10205,444,14372,1069,0,2320
10205,444,14385,1070,0,2312
10205,444,14399,1071,1,1924
10205,444,14411,1072,0,2312
10205,444,14425,1073,0,2320
10205,444,14439,1074,0,2312
10205,444,14452,1075,0,2320
10205,444,14466,1076,0,2312
10205,444,14478,1077,0,2320
10205,444,14492,1078,0,2312
10205,444,14505,1079,0,2320
10205,444,14519,1080,0,2312
10205,444,14531,1081,1,1924
10205,444,14546,1082,0,2312
10205,444,14558,1083,0,2320
10205,444,14572,1084,0,2312
10205,444,14585,1085,0,2320
10205,444,14599,1086,0,2312
10205,444,14613,1087,0,2320
10205,444,14625,1088,0,2312
10205,444,14639,1089,0,2320
10205,444,14652,1090,0,2312
10205,444,14666,1091,1,1924
10205,444,14678,1092,0,2312
10205,444,14692,1093,0,2320
10205,444,14705,1094,0,2312
10205,444,14719,1095,0,2320
10205,444,14731,1096,0,2312
10205,444,14746,1097,0,2320
10205,444,14760,1098,0,2312
10205,444,14771,1099,0,2320
10205,444,14786,1100,0,2312
10205,444,14799,1101,1,1924
10205,444,14813,1102,0,2312
10205,444,14825,1103,0,2320
10205,444,14839,1104,0,2312
10205,444,14852,1105,0,2320
10205,444,14866,1106,0,2312
10205,444,14878,1107,0,2320
10205,444,14892,1108,0,2312
10205,444,14905,1109,0,2320
10205,444,14919,1110,0,2312
10205,444,14933,1111,1,1924
10205,444,14946,1112,0,2312
10205,444,14960,1113,0,2320
10205,444,14971,1114,0,2312
10205,444,14986,1115,0,2320
10205,444,14999,1116,0,2312
10205,444,15013,1117,0,2320
10205,444,15025,1118,0,2312
10205,444,15039,1119,0,2320
10205,444,15050,1120,0,2312
10205,444,15066,1121,1,1924
10205,444,15078,1122,0,2312
10205,444,15092,1123,0,2320
10205,444,15106,1124,0,2312
10205,444,15119,1125,0,2320
10205,444,15133,1126,0,2312
10205,444,15146,1127,0,2320
10205,444,15160,1128,0,2312
10205,444,15171,1129,0,2320
10205,444,15186,1130,0,2312
10205,444,15199,1131,1,1924
10205,444,15213,1132,0,2312
10205,444,15227,1133,0,2320
10205,444,15239,1134,0,2312
10205,444,15253,1135,0,2320
10205,444,15266,1136,0,2312
10205,444,15278,1137,0,2320
10205,444,15292,1138,0,2312
10205,444,15306,1139,0,2320
10205,444,15319,1140,0,2312
10205,444,15333,1141,1,1924
10205,444,15346,1142,0,2312
10205,444,15360,1143,0,2320
10205,444,15371,1144,0,2312
10205,444,15386,1145,0,2320
10205,444,15399,1146,0,2312
10205,444,15413,1147,0,2320
10205,444,15427,1148,0,2312
10205,444,15439,1149,0,2320
10205,444,15453,1150,0,2312
10205,444,15466,1151,1,1924
10205,444,15478,1152,0,2312
10205,444,15492,1153,0,2320
10205,444,15506,1154,0,2312
10205,444,15519,1155,0,2320
10205,444,15533,1156,0,2312
10205,444,15546,1157,0,2320
10205,444,15560,1158,0,2312
10205,444,15574,1159,0,2320
10205,444,15586,1160,0,2312
10205,444,15599,1161,1,1924
10205,444,15613,1162,0,2312
10205,444,15627,1163,0,2320
10205,444,15639,1164,0,2312
10205,444,15653,1165,0,2320
10205,444,15666,1166,0,2312
10205,444,15678,1167,0,2320
10205,444,15692,1168,0,2312
10205,444,15706,1169,0,2320
10205,444,15721,1170,0,2312
10205,444,15733,1171,1,1924
10205,444,15746,1172,0,2312
10205,444,15760,1173,0,2320
10205,444,15774,1174,0,2312
10205,444,15786,1175,0,2320
10205,444,15799,1176,0,2312
10205,444,15813,1177,0,2320
10205,444,15827,1178,0,2312
10205,444,15839,1179,0,2320
10205,444,15853,1180,0,2312
10205,444,15867,1181,1,1924
10205,444,15880,1182,0,2312
10205,444,15894,1183,0,2320
10205,444,15906,1184,0,2312
10205,444,15921,1185,0,2320
10205,444,15933,1186,0,2312
10205,444,15946,1187,0,2320
10205,444,15960,1188,0,2312
10205,444,15974,1189,0,2320
10205,444,15986,1190,0,2312
10205,444,15999,1191,1,1924
10205,444,16013,1192,0,2312
10205,444,16027,1193,0,2320
10205,444,16041,1194,0,2312
10205,444,16053,1195,0,2320
10205,444,16067,1196,0,2312
10205,444,16080,1197,0,2320
10205,444,16092,1198,0,2312
10205,444,16106,1199,0,2320
10205,444,16121,1200,0,2312
10205,444,16133,1201,1,1924
10205,444,16146,1202,0,2312
10205,444,16158,1203,0,2320
10205,444,16174,1204,0,2312
10205,444,16188,1205,0,2320
10205,444,16199,1206,0,2312
10205,444,16214,1207,0,2320
10205,444,16227,1208,0,2312
10205,444,16241,1209,0,2320
10205,444,16253,1210,0,2312
10205,444,16267,1211,1,1924
10205,444,16280,1212,0,2312
10205,444,16294,1213,0,2320
10205,444,16306,1214,0,2312
10205,444,16321,1215,0,2320
10205,444,16333,1216,0,2312
10205,444,16347,1217,0,2320
10205,444,16360,1218,0,2312
10205,444,16374,1219,0,2320
10205,444,16388,1220,0,2312
10205,444,16399,1221,1,1924
10205,444,16414,1222,0,2312
10205,444,16427,1223,0,2320
10205,444,16441,1224,0,2312
10205,444,16453,1225,0,2320
10205,444,16467,1226,0,2312
10205,444,16480,1227,0,2320
10205,444,16494,1228,0,2312
10205,444,16508,1229,0,2320
10205,444,16521,1230,0,2312
10205,444,16535,1231,1,1924
10205,444,16546,1232,0,2312
10205,444,16561,1233,0,2320
10205,444,16574,1234,0,2312
10205,444,16588,1235,0,2320
10205,444,16599,1236,0,2312
10205,444,16614,1237,0,2320
10205,444,16627,1238,0,2312
10205,444,16641,1239,0,2320
10205,444,16655,1240,0,2312
10205,444,16667,1241,1,1924
10205,444,16681,1242,0,2312
10205,444,16694,1243,0,2320
10205,444,16708,1244,0,2312
10205,444,16721,1245,0,2320
10205,444,16735,1246,0,2312
10205,444,16746,1247,0,2320
10205,444,16760,1248,0,2312
10205,444,16774,1249,0,2320
10205,444,16788,1250,0,2312
10205,444,16799,1251,1,1924
10205,444,16814,1252,0,2312
10205,444,16827,1253,0,2320
10205,444,16841,1254,0,2312
10205,444,16855,1255,0,2320
10205,444,16867,1256,0,2312
10205,444,16880,1257,0,2320
10205,444,16894,1258,0,2312
10205,444,16908,1259,0,2320
10205,444,16920,1260,0,2312
10205,444,16935,1261,1,1924
10205,444,16946,1262,0,2312
10205,444,16960,1263,0,2320
10205,444,16975,1264,0,2312
10205,444,16988,1265,0,2320
10205,444,17002,1266,0,2312
10205,444,17014,1267,0,2320
10205,444,17027,1268,0,2312
10205,444,17041,1269,0,2320
10205,444,17055,1270,0,2312
10205,444,17067,1271,1,1924
10205,444,17081,1272,0,2312
10205,444,17094,1273,0,2320
10205,444,17106,1274,0,2312
10205,444,17120,1275,0,2320
10205,444,17135,1276,0,2312
10205,444,17149,1277,0,2320
10205,444,17160,1278,0,2312
10205,444,17175,1279,0,2320
10205,444,17188,1280,0,2312
10205,444,17202,1281,1,1924
10205,444,17214,1282,0,2312
10205,444,17228,1283,0,2320
10205,444,17241,1284,0,2312
10205,444,17255,1285,0,2320
10205,444,17267,1286,0,2312
10205,444,17280,1287,0,2320
10205,444,17295,1288,0,2312
10205,444,17308,1289,0,2320
10205,444,17322,1290,0,2312
10205,444,17335,1291,1,1924
10205,444,17349,1292,0,2312
10205,444,17360,1293,0,2320
10205,444,17375,1294,0,2312
10205,444,17388,1295,0,2320
10205,444,17402,1296,0,2312
10205,444,17414,1297,0,2320
10205,444,17428,1298,0,2312
10205,444,17441,1299,0,2320
10205,444,17455,1300,0,2312
10205,444,17469,1301,1,1924
10205,444,17481,1302,0,2312
10205,444,17496,1303,0,2320
10205,444,17508,1304,0,2312
10205,444,17522,1305,0,2320
10205,444,17535,1306,0,2312
10205,444,17549,1307,0,2320
10205,444,17561,1308,0,2312
10205,444,17575,1309,0,2320
10205,444,17588,1310,0,2312
10205,444,17602,1311,1,1924
10205,444,17616,1312,0,2312
10205,444,17628,1313,0,2320
10205,444,17641,1314,0,2312
10205,444,17655,1315,0,2320
10205,444,17669,1316,0,2312
10205,444,17681,1317,0,2320
10205,444,17695,1318,0,2312
10205,444,17708,1319,0,2320
10205,444,17722,1320,0,2312
10205,444,17735,1321,1,1924
10205,444,17749,1322,0,2312
10205,444,17761,1323,0,2320
10205,444,17775,1324,0,2312
10205,444,17789,1325,0,2320
10205,444,17802,1326,0,2312
10205,444,17816,1327,0,2320
10205,444,17828,1328,0,2312
10205,444,17842,1329,0,2320
10205,444,17855,1330,0,2312
10205,444,17869,1331,1,1924
10205,444,17881,1332,0,2312
10205,444,17895,1333,0,2320
10205,444,17908,1334,0,2312
10205,444,17922,1335,0,2320
10205,444,17936,1336,0,2312
10205,444,17949,1337,0,2320
10205,444,17963,1338,0,2312
10205,444,17975,1339,0,2320
10205,444,17989,1340,0,2312
10205,444,18002,1341,1,1924
10205,444,18016,1342,0,2312
10205,444,18028,1343,0,2320
10205,444,18042,1344,0,2312
10205,444,18055,1345,0,2320
10205,444,18069,1346,0,2312
10205,444,18081,1347,0,2320
10205,444,18095,1348,0,2312
10205,444,18108,1349,0,2320
10205,444,18122,1350,0,2312
10205,444,18136,1351,1,1924
10205,444,18149,1352,0,2312
10205,444,18163,1353,0,2320
10205,444,18174,1354,0,2312
10205,444,18189,1355,0,2320
10205,444,18202,1356,0,2312
10205,444,18216,1357,0,2320
10205,444,18228,1358,0,2312
10205,444,18242,1359,0,2320
10205,444,18256,1360,0,2312
10205,444,18269,1361,1,1924
10205,444,18283,1362,0,2312
10205,444,18295,1363,0,2320
10205,444,18308,1364,0,2312
10205,444,18322,1365,0,2320
10205,444,18336,1366,0,2312
10205,444,18349,1367,0,2320
10205,444,18363,1368,0,2312
10205,444,18375,1369,0,2320
10205,444,18389,1370,0,2312
10205,444,18403,1371,1,1924
10205,444,18416,1372,0,2312
10205,444,18430,1373,0,2320
10205,444,18442,1374,0,2312
10205,444,18456,1375,0,2320
10205,444,18469,1376,0,2312
10205,444,18483,1377,0,2320
10205,444,18495,1378,0,2312
10205,444,18508,1379,0,2320
10205,444,18522,1380,0,2312
10205,444,18535,1381,1,1924
10205,444,18549,1382,0,2312
10205,444,18563,1383,0,2320
10205,444,18575,1384,0,2312
10205,444,18589,1385,0,2320
10205,444,18603,1386,0,2312
10205,444,18616,1387,0,2320
10205,444,18630,1388,0,2312
10205,444,18641,1389,0,2320
10205,444,18656,1390,0,2312
10205,444,18669,1391,1,1924
10205,444,18683,1392,0,2312
10205,444,18695,1393,0,2320
10205,444,18708,1394,0,2312
10205,444,18722,1395,0,2320
10205,444,18736,1396,0,2312
10205,444,18750,1397,0,2320
10205,444,18763,1398,0,2312
10205,444,18777,1399,0,2320
10205,444,18789,1400,0,2312
10205,444,18803,1401,1,1924
10205,444,18816,1402,0,2312
10205,444,18830,1403,0,2320
10205,444,18841,1404,0,2312
10205,444,18856,1405,0,2320
10205,444,18869,1406,0,2312
10205,444,18883,1407,0,2320
10205,444,18897,1408,0,2312
10205,444,18910,1409,0,2320
10205,444,18922,1410,0,2312
10205,444,18936,1411,1,1924
10205,444,18949,1412,0,2312
10205,444,18963,1413,0,2320
10205,444,18977,1414,0,2312
10205,444,18989,1415,0,2320
10205,444,19003,1416,0,2312
10205,444,19016,1417,0,2320
10205,444,19030,1418,0,2312
10205,444,19044,1419,0,2320
10205,444,19056,1420,0,2312
10205,444,19070,1421,1,1924
10205,444,19083,1422,0,2312
10205,444,19095,1423,0,2320
10205,444,19110,1424,0,2312
10205,444,19122,1425,0,2320
10205,444,19135,1426,0,2312
10205,444,19149,1427,0,2320
10205,444,19163,1428,0,2312
10205,444,19177,1429,0,2320
10205,444,19189,1430,0,2312
10205,444,19203,1431,1,1924
10205,444,19217,1432,0,2312
10205,444,19230,1433,0,2320
10205,444,19244,1434,0,2312
10205,444,19256,1435,0,2320
10205,444,19270,1436,0,2312
10205,444,19283,1437,0,2320
10205,444,19297,1438,0,2312
10205,444,19310,1439,0,2320
10205,444,19322,1440,0,2312
10205,444,19336,1441,1,1924
10205,444,19350,1442,0,2312
10205,444,19364,1443,0,2320
10205,444,19377,1444,0,2312
10205,444,19391,1445,0,2320
10205,444,19403,1446,0,2312
10205,444,19417,1447,0,2320
10205,444,19430,1448,0,2312
10205,444,19444,1449,0,2320
10205,444,19456,1450,0,2312
10205,444,19470,1451,1,1924
10205,444,19483,1452,0,2312
10205,444,19497,1453,0,2320
10205,444,19510,1454,0,2312
10205,444,19522,1455,0,2320
10205,444,19538,1456,0,2312
10205,444,19550,1457,0,2320
10205,444,19564,1458,0,2312
10205,444,19577,1459,0,2320
10205,444,19591,1460,0,2312
10205,444,19602,1461,1,1924
10205,444,19617,1462,0,2312
10205,444,19630,1463,0,2320
10205,444,19644,1464,0,2312
10205,444,19656,1465,0,2320
10205,444,19670,1466,0,2312
10205,444,19685,1467,0,2320
10205,444,19695,1468,0,2312
10205,444,19710,1469,0,2320
10205,444,19722,1470,0,2312
10205,444,19738,1471,1,1924
10205,444,19749,1472,0,2312
10205,444,19764,1473,0,2320
10205,444,19777,1474,0,2312
10205,444,19791,1475,0,2320
10205,444,19803,1476,0,2312
10205,444,19817,1477,0,2320
10205,444,19831,1478,0,2312
10205,444,19844,1479,0,2320
10205,444,19856,1480,0,2312
10205,444,19870,1481,1,1924
10205,444,19885,1482,0,2312
10205,444,19897,1483,0,2320
10205,444,19910,1484,0,2312
10205,444,19922,1485,0,2320
10205,444,19938,1486,0,2312
10205,444,19950,1487,0,2320
10205,444,19964,1488,0,2312
10205,444,19977,1489,0,2320
10205,444,19991,1490,0,2312
10205,444,20005,1491,1,1924
10205,444,20017,1492,0,2312
10205,444,20031,1493,0,2320
10205,444,20044,1494,0,2312
10205,444,20058,1495,0,2320
10205,444,20070,1496,0,2312
10205,444,20085,1497,0,2320
10205,444,20097,1498,0,2312
10205,444,20110,1499,0,2320
10205,444,20122,1500,0,2312
10205,444,20138,1501,1,1924
10205,444,20152,1502,0,2312
10205,444,20164,1503,0,2320
10205,444,20177,1504,0,2312
10205,444,20191,1505,0,2320
10205,444,20205,1506,0,2312
10205,444,20217,1507,0,2320
10205,444,20231,1508,0,2312
10205,444,20244,1509,0,2320
10205,444,20258,1510,0,2312
10205,444,20270,1511,1,1924
10205,444,20285,1512,0,2312
10205,444,20297,1513,0,2320
10205,444,20310,1514,0,2312
10205,444,20325,1515,0,2320
10205,444,20338,1516,0,2312
10205,444,20352,1517,0,2320
10205,444,20364,1518,0,2312
10205,444,20378,1519,0,2320
10205,444,20391,1520,0,2312
10205,444,20405,1521,1,1924
10205,444,20417,1522,0,2312
10205,444,20431,1523,0,2320
10205,444,20444,1524,0,2312
10205,444,20456,1525,0,2320
10205,444,20472,1526,0,2312
10205,444,20485,1527,0,2320
10205,444,20499,1528,0,2312
10205,444,20511,1529,0,2320
10205,444,20524,1530,0,2312
10205,444,20538,1531,1,1924
10205,444,20550,1532,0,2312
10205,444,20564,1533,0,2320
10205,444,20578,1534,0,2312
10205,444,20591,1535,0,2320
10205,444,20605,1536,0,2312
10205,444,20617,1537,0,2320
10205,444,20631,1538,0,2312
10205,444,20645,1539,0,2320
10205,444,20656,1540,0,2312
10205,444,20672,1541,1,1924
10205,444,20685,1542,0,2312
10205,444,20699,1543,0,2320
10205,444,20710,1544,0,2312
10205,444,20725,1545,0,2320
10205,444,20736,1546,0,2312
10205,444,20752,1547,0,2320
10205,444,20764,1548,0,2312
10205,444,20778,1549,0,2320
10205,444,20792,1550,0,2312
10205,444,20805,1551,1,1924
10205,444,20819,1552,0,2312
10205,444,20831,1553,0,2320
10205,444,20845,1554,0,2312
10205,444,20858,1555,0,2320
10205,444,20872,1556,0,2312
10205,444,20885,1557,0,2320
10205,444,20899,1558,0,2312
10205,444,20910,1559,0,2320
10205,444,20924,1560,0,2312
10205,444,20938,1561,1,1924
10205,444,20952,1562,0,2312
10205,444,20966,1563,0,2320
10205,444,20978,1564,0,2312
10205,444,20992,1565,0,2320
10205,444,21005,1566,0,2312
10205,444,21019,1567,0,2320
10205,444,21031,1568,0,2312
10205,444,21045,1569,0,2320
10205,444,21058,1570,0,2312
10205,444,21072,1571,1,1924
10205,444,21084,1572,0,2312
10205,444,21099,1573,0,2320
10205,444,21113,1574,0,2312
10205,444,21124,1575,0,2320
10205,444,21138,1576,0,2312
10205,444,21152,1577,0,2320
10205,444,21166,1578,0,2312
10205,444,21178,1579,0,2320
10205,444,21192,1580,0,2312
10205,444,21205,1581,1,1924
10205,444,21219,1582,0,2312
10205,444,21231,1583,0,2320
10205,444,21245,1584,0,2312
10205,444,21260,1585,0,2320
10205,444,21270,1586,0,2312
10205,444,21285,1587,0,2320
10205,444,21299,1588,0,2312
10205,444,21313,1589,0,2320
10205,444,21325,1590,0,2312
10205,444,21338,1591,1,1924
10205,444,21352,1592,0,2312
10205,444,21366,1593,0,2320
10205,444,21377,1594,0,2312
10205,444,21392,1595,0,2320
10205,444,21405,1596,0,2312
10205,444,21419,1597,0,2320
10205,444,21433,1598,0,2312
10205,444,21445,1599,0,2320
10205,444,21460,1600,0,2312
10205,444,21472,1601,1,1924
10205,444,21485,1602,0,2312
10205,444,21499,1603,0,2320
10205,444,21513,1604,0,2312
10205,444,21525,1605,0,2320
10205,444,21538,1606,0,2312
10205,444,21550,1607,0,2320
10205,444,21566,1608,0,2312
10205,444,21580,1609,0,2320
10205,444,21592,1610,0,2312
10205,444,21606,1611,1,1924
10205,444,21619,1612,0,2312
10205,444,21633,1613,0,2320
10205,444,21645,1614,0,2312
10205,444,21659,1615,0,2320
10205,444,21672,1616,0,2312
10205,444,21686,1617,0,2320
10205,444,21699,1618,0,2312
10205,444,21713,1619,0,2320
10205,444,21725,1620,0,2312
10205,444,21739,1621,1,1924
10205,444,21753,1622,0,2312
10205,444,21766,1623,0,2320
10205,444,21780,1624,0,2312
10205,444,21792,1625,0,2320
10205,444,21806,1626,0,2312
10205,444,21819,1627,0,2320
10205,444,21833,1628,0,2312
10205,444,21845,1629,0,2320
10205,444,21859,1630,0,2312
10205,444,21872,1631,1,1924
10205,444,21886,1632,0,2312
10205,444,21899,1633,0,2320
10205,444,21913,1634,0,2312
10205,444,21927,1635,0,2320
10205,444,21939,1636,0,2312
10205,444,21953,1637,0,2320
10205,444,21966,1638,0,2312
10205,444,21980,1639,0,2320
10205,444,21992,1640,0,2312
10205,444,22006,1641,1,1924
10205,444,22019,1642,0,2312
10205,444,22033,1643,0,2320
10205,444,22045,1644,0,2312
10205,444,22059,1645,0,2320
10205,444,22074,1646,0,2312
10205,444,22086,1647,0,2320
10205,444,22099,1648,0,2312
10205,444,22113,1649,0,2320
10205,444,22127,1650,0,2312
10205,444,22139,1651,1,1924
10205,444,22153,1652,0,2312
10205,444,22166,1653,0,2320
10205,444,22180,1654,0,2312
10205,444,22192,1655,0,2320
10205,444,22206,1656,0,2312
10205,444,22220,1657,0,2320
10205,444,22233,1658,0,2312
10205,444,22247,1659,0,2320
10205,444,22259,1660,0,2312
10205,444,22274,1661,1,1924
10205,444,22286,1662,0,2312
10205,444,22299,1663,0,2320
10205,444,22313,1664,0,2312
10205,444,22327,1665,0,2320
10205,444,22339,1666,0,2312
10205,444,22353,1667,0,2320
10205,444,22367,1668,0,2312
10205,444,22380,1669,0,2320
10205,444,22394,1670,0,2312
10205,444,22406,1671,1,1924
10205,444,22420,1672,0,2312
10205,444,22433,1673,0,2320
10205,444,22447,1674,0,2312
10205,444,22459,1675,0,2320
10205,444,22474,1676,0,2312
10205,444,22486,1677,0,2320
10205,444,22499,1678,0,2312
10205,444,22513,1679,0,2320
10205,444,22527,1680,0,2312
10205,444,22541,1681,1,1924
10205,444,22553,1682,0,2312
10205,444,22567,1683,0,2320
10205,444,22580,1684,0,2312
10205,444,22594,1685,0,2320
10205,444,22606,1686,0,2312
10205,444,22619,1687,0,2320
10205,444,22633,1688,0,2312
10205,444,22647,1689,0,2320
10205,444,22659,1690,0,2312
10205,444,22674,1691,1,1924
10205,444,22686,1692,0,2312
10205,444,22699,1693,0,2320
10205,444,22714,1694,0,2312
10205,444,22725,1695,0,2320
10205,444,22741,1696,0,2312
10205,444,22752,1697,0,2320
10205,444,22767,1698,0,2312
10205,444,22778,1699,0,2320
10205,444,22794,1700,0,2312
10205,444,22806,1701,1,1924
10205,444,22819,1702,0,2312
10205,444,22833,1703,0,2320
10205,444,22847,1704,0,2312
10205,444,22861,1705,0,2320
10205,444,22874,1706,0,2312
10205,444,22888,1707,0,2320
10205,444,22899,1708,0,2312
10205,444,22914,1709,0,2320
10205,444,22927,1710,0,2312
10205,444,22941,1711,1,1924
10205,444,22952,1712,0,2312
10205,444,22967,1713,0,2320
10205,444,22980,1714,0,2312
10205,444,22994,1715,0,2320
10205,444,23008,1716,0,2312
10205,444,23019,1717,0,2320
10205,444,23034,1718,0,2312
10205,444,23047,1719,0,2320
10205,444,23061,1720,0,2312
10205,444,23072,1721,1,1924
10205,444,23088,1722,0,2312
10205,444,23099,1723,0,2320
10205,444,23114,1724,0,2312
10205,444,23127,1725,0,2320
10205,444,23141,1726,0,2312
10205,444,23152,1727,0,2320
10205,444,23167,1728,0,2312
10205,444,23181,1729,0,2320
10205,444,23194,1730,0,2312
10205,444,23208,1731,1,1924
10205,444,23220,1732,0,2312
10205,444,23234,1733,0,2320
10205,444,23247,1734,0,2312
10205,444,23261,1735,0,2320
10205,444,23274,1736,0,2312
10205,444,23288,1737,0,2320
10205,444,23299,1738,0,2312
10205,444,23314,1739,0,2320
10205,444,23328,1740,0,2312
10205,444,23341,1741,1,1924
10205,444,23355,1742,0,2312
10205,444,23367,1743,0,2320
10205,444,23381,1744,0,2312
10205,444,23394,1745,0,2320
10205,444,23408,1746,0,2312
10205,444,23420,1747,0,2320
10205,444,23434,1748,0,2312
10205,444,23447,1749,0,2320
10205,444,23461,1750,0,2312
10205,444,23474,1751,1,1924
10205,444,23488,1752,0,2312
10205,444,23502,1753,0,2320
10205,444,23514,1754,0,2312
10205,444,23528,1755,0,2320
10205,444,23541,1756,0,2312
10205,444,23555,1757,0,2320
10205,444,23567,1758,0,2312
10205,444,23580,1759,0,2320
10205,444,23594,1760,0,2312
10205,444,23608,1761,1,1924
10205,444,23620,1762,0,2312
10205,444,23634,1763,0,2320
10205,444,23649,1764,0,2312
10205,444,23659,1765,0,2320
10205,444,23674,1766,0,2312
10205,444,23688,1767,0,2320
10205,444,23702,1768,0,2312
10205,444,23714,1769,0,2320
10205,444,23728,1770,0,2312
10205,444,23741,1771,1,1924
10205,444,23755,1772,0,2312
10205,444,23767,1773,0,2320
10205,444,23781,1774,0,2312
10205,444,23794,1775,0,2320
10205,444,23808,1776,0,2312
10205,444,23822,1777,0,2320
10205,444,23834,1778,0,2312
10205,444,23849,1779,0,2320
10205,444,23861,1780,0,2312
10205,444,23874,1781,1,1924
10205,444,23886,1782,0,2312
10205,444,23900,1783,0,2320
10205,444,23914,1784,0,2312
10205,444,23927,1785,0,2320
10205,444,23941,1786,0,2312
10205,444,23955,1787,0,2320
10205,444,23969,1788,0,2312
10205,444,23981,1789,0,2320
10205,444,23995,1790,0,2312
10205,444,24008,1791,1,1924
10205,444,24022,1792,0,2312
10205,444,24033,1793,0,2320
10205,444,24049,1794,0,2312
10205,444,24061,1795,0,2320
10205,444,24074,1796,0,2312
10205,444,24088,1797,0,2320
10205,444,24100,1798,0,2312
10205,444,24114,1799,0,2320
10205,444,24128,1800,0,2312
10205,444,24141,1801,1,1924
10205,444,24155,1802,0,2312
10205,444,24169,1803,0,2320
10205,444,24181,1804,0,2312
10205,444,24195,1805,0,2320
10205,444,24208,1806,0,2312
10205,444,24222,1807,0,2320
10205,444,24233,1808,0,2312
10205,444,24249,1809,0,2320
10205,444,24261,1810,0,2312
10205,444,24274,1811,1,1924
10205,444,24289,1812,0,2312
10205,444,24300,1813,0,2320
10205,444,24316,1814,0,2312
10205,444,24328,1815,0,2320
10205,444,24342,1816,0,2312
10205,444,24355,1817,0,2320
10205,444,24369,1818,0,2312
10205,444,24381,1819,0,2320
10205,444,24395,1820,0,2312
10205,444,24408,1821,1,1924
10205,444,24422,1822,0,2312
10205,444,24436,1823,0,2320
10205,444,24449,1824,0,2312
10205,444,24463,1825,0,2320
10205,444,24474,1826,0,2312
10205,444,24489,1827,0,2320
10205,444,24500,1828,0,2312
10205,444,24516,1829,0,2320
10205,444,24528,1830,0,2312
10205,444,24542,1831,1,1924
10205,444,24553,1832,0,2312
10205,444,24569,1833,0,2320
10205,444,24581,1834,0,2312
10205,444,24595,1835,0,2320
10205,444,24609,1836,0,2312
10205,444,24622,1837,0,2320
10205,444,24636,1838,0,2312
10205,444,24649,1839,0,2320
10205,444,24663,1840,0,2312
10205,444,24674,1841,1,1924
10205,444,24689,1842,0,2312
10205,444,24700,1843,0,2320
10205,444,24716,1844,0,2312
10205,444,24728,1845,0,2320
10205,444,24742,1846,0,2312
10205,444,24756,1847,0,2320
10205,444,24769,1848,0,2312
10205,444,24781,1849,0,2320
10205,444,24795,1850,0,2312
10205,444,24809,1851,1,1924
10205,444,24822,1852,0,2312
10205,444,24836,1853,0,2320
10205,444,24849,1854,0,2312
10205,444,24863,1855,0,2320
10205,444,24874,1856,0,2312
10205,444,24889,1857,0,2320
10205,444,24900,1858,0,2312
10205,444,24916,1859,0,2320
10205,444,24930,1860,0,2312
10205,444,24942,1861,1,1924
10205,444,24956,1862,0,2312
10205,444,24969,1863,0,2320
10205,444,24983,1864,0,2312
10205,444,24995,1865,0,2320
10205,444,25009,1866,0,2312
10205,444,25022,1867,0,2320
10205,444,25036,1868,0,2312
10205,444,25049,1869,0,2320
10205,444,25063,1870,0,2312
10205,444,25077,1871,1,1924
10205,444,25089,1872,0,2312
10205,444,25103,1873,0,2320
10205,444,25116,1874,0,2312
10205,444,25130,1875,0,2320
10205,444,25141,1876,0,2312
10205,444,25156,1877,0,2320
10205,444,25169,1878,0,2312
10205,444,25183,1879,0,2320
10205,444,25195,1880,0,2312
10205,444,25209,1881,1,1924
10205,444,25222,1882,0,2312
10205,444,25236,1883,0,2320
10205,444,25249,1884,0,2312
10205,444,25263,1885,0,2320
10205,444,25275,1886,0,2312
10205,444,25289,1887,0,2320
10205,444,25302,1888,0,2312
10205,444,25316,1889,0,2320
10205,444,25330,1890,0,2312
10205,444,25342,1891,1,1924
10205,444,25356,1892,0,2312
10205,444,25369,1893,0,2320
10205,444,25383,1894,0,2312
10205,444,25397,1895,0,2320
10205,444,25409,1896,0,2312
10205,444,25422,1897,0,2320
10205,444,25436,1898,0,2312
10205,444,25449,1899,0,2320
10205,444,25461,1900,0,2312
10205,444,25477,1901,1,1924
10205,444,25489,1902,0,2312
10205,444,25503,1903,0,2320
10205,444,25516,1904,0,2312
10205,444,25530,1905,0,2320
10205,444,25544,1906,0,2312
10205,444,25556,1907,0,2320
10205,444,25570,1908,0,2312
10205,444,25583,1909,0,2320
10205,444,25597,1910,0,2312
10205,444,25609,1911,1,1924
10205,444,25624,1912,0,2312
10205,444,25634,1913,0,2320
10205,444,25649,1914,0,2312
10205,444,25663,1915,0,2320
10205,444,25677,1916,0,2312
10205,444,25689,1917,0,2320
10205,444,25703,1918,0,2312
10205,444,25717,1919,0,2320
10205,444,25730,1920,0,2312
10205,444,25744,1921,1,1924
10205,444,25755,1922,0,2312
10205,444,25770,1923,0,2320
10205,444,25783,1924,0,2312
10205,444,25797,1925,0,2320
10205,444,25809,1926,0,2312
10205,444,25823,1927,0,2320
10205,444,25836,1928,0,2312
10205,444,25849,1929,0,2320
10205,444,25864,1930,0,2312
10205,444,25877,1931,1,1924
10205,444,25891,1932,0,2312
10205,444,25903,1933,0,2320
10205,444,25917,1934,0,2312
10205,444,25928,1935,0,2320
10205,444,25944,1936,0,2312
10205,444,25956,1937,0,2320
10205,444,25970,1938,0,2312
10205,444,25983,1939,0,2320
10205,444,25997,1940,0,2312
10205,444,26009,1941,1,1924
10205,444,26022,1942,0,2312
10205,444,26038,1943,0,2320
10205,444,26049,1944,0,2312
10205,444,26064,1945,0,2320
10205,444,26077,1946,0,2312
10205,444,26091,1947,0,2320
10205,444,26103,1948,0,2312
10205,444,26117,1949,0,2320
10205,444,26130,1950,0,2312
10205,444,26144,1951,1,1924
10205,444,26156,1952,0,2312
10205,444,26170,1953,0,2320
10205,444,26184,1954,0,2312
10205,444,26195,1955,0,2320
10205,444,26211,1956,0,2312
10205,444,26223,1957,0,2320
10205,444,26238,1958,0,2312
10205,444,26249,1959,0,2320
10205,444,26264,1960,0,2312
10205,444,26277,1961,1,1924
10205,444,26291,1962,0,2312
10205,444,26303,1963,0,2320
10205,444,26317,1964,0,2312
10205,444,26330,1965,0,2320
10205,444,26344,1966,0,2312
10205,444,26358,1967,0,2320
10205,444,26370,1968,0,2312
10205,444,26384,1969,0,2320
10205,444,26397,1970,0,2312
10205,444,26411,1971,1,1924
10205,444,26423,1972,0,2312
10205,444,26438,1973,0,2320
10205,444,26449,1974,0,2312
10205,444,26463,1975,0,2320
10205,444,26477,1976,0,2312
10205,444,26491,1977,0,2320
10205,444,26503,1978,0,2312
10205,444,26517,1979,0,2320
10205,444,26531,1980,0,2312
10205,444,26544,1981,1,1924
10205,444,26558,1982,0,2312
10205,444,26570,1983,0,2320
10205,444,26584,1984,0,2312
10205,444,26597,1985,0,2320
10205,444,26611,1986,0,2312
10205,444,26623,1987,0,2320
10205,444,26638,1988,0,2312
10205,444,26652,1989,0,2320
10205,444,26664,1990,0,2312
10205,444,26678,1991,1,1924
10205,444,26691,1992,0,2312
10205,444,26705,1993,0,2320
10205,444,26717,1994,0,2312
10205,444,26731,1995,0,2320
10205,444,26744,1996,0,2312
10205,444,26758,1997,0,2320
10205,444,26770,1998,0,2312
10205,444,26784,1999,0,2320
10205,444,26797,2000,0,2312
10205,444,26811,2001,1,1924
10205,444,26825,2002,0,2312
10205,444,26838,2003,0,2320
10205,444,26852,2004,0,2312
10205,444,26864,2005,0,2320
10205,444,26878,2006,0,2312
10205,444,26891,2007,0,2320
10205,444,26905,2008,0,2312
10205,444,26917,2009,0,2320
10205,444,26930,2010,0,2312
10205,444,26944,2011,1,1924
10205,444,26958,2012,0,2312
10205,444,26972,2013,0,2320
10205,444,26984,2014,0,2312
10205,444,26997,2015,0,2320
10205,444,27009,2016,0,2312
10205,444,27025,2017,0,2320
10205,444,27038,2018,0,2312
10205,444,27050,2019,0,2320
10205,444,27063,2020,0,2312
10205,444,27078,2021,1,1924
10205,444,27091,2022,0,2312
10205,444,27105,2023,0,2320
10205,444,27117,2024,0,2312
10205,444,27130,2025,0,2320
10205,444,27145,2026,0,2312
10205,444,27158,2027,0,2320
10205,444,27172,2028,0,2312
10205,444,27184,2029,0,2320
10205,444,27197,2030,0,2312
10205,444,27211,2031,1,1924
10205,444,27225,2032,0,2312
10205,444,27238,2033,0,2320
10205,444,27252,2034,0,2312
10205,444,27263,2035,0,2320
10205,444,27278,2036,0,2312
10205,444,27292,2037,0,2320
10205,444,27305,2038,0,2312
10205,444,27319,2039,0,2320
10205,444,27331,2040,0,2312
10205,444,27345,2041,1,1924
10205,444,27358,2042,0,2312
10205,444,27372,2043,0,2320
10205,444,27384,2044,0,2312
10205,444,27398,2045,0,2320
10205,444,27411,2046,0,2312
10205,444,27425,2047,0,2320
10205,444,27438,2048,0,2312
10205,444,27452,2049,0,2320
10205,444,27466,2050,0,2312
10205,444,27478,2051,1,1924
10205,444,27492,2052,0,2312
10205,444,27505,2053,0,2320
10205,444,27519,2054,0,2312
10205,444,27530,2055,0,2320
10205,444,27545,2056,0,2312
10205,444,27556,2057,0,2320
10205,444,27572,2058,0,2312
10205,444,27584,2059,0,2320
10205,444,27597,2060,0,2312
10205,444,27613,2061,1,1924
10205,444,27625,2062,0,2312
10205,444,27639,2063,0,2320
10205,444,27652,2064,0,2312
10205,444,27666,2065,0,2320
10205,444,27677,2066,0,2312
10205,444,27692,2067,0,2320
10205,444,27705,2068,0,2312
10205,444,27719,2069,0,2320
10205,444,27731,2070,0,2312
10205,444,27745,2071,1,1924
10205,444,27758,2072,0,2312
10205,444,27772,2073,0,2320
10205,444,27786,2074,0,2312
10205,444,27798,2075,0,2320
10205,444,27813,2076,0,2312
10205,444,27825,2077,0,2320
10205,444,27839,2078,0,2312
10205,444,27852,2079,0,2320
10205,444,27866,2080,0,2312
10205,444,27878,2081,1,1924
10205,444,27892,2082,0,2312
10205,444,27905,2083,0,2320
10205,444,27919,2084,0,2312
10205,444,27933,2085,0,2320
10205,444,27945,2086,0,2312
10205,444,27959,2087,0,2320
10205,444,27972,2088,0,2312
10205,444,27986,2089,0,2320
10205,444,27998,2090,0,2312
10205,444,28013,2091,1,1924
10205,444,28025,2092,0,2312
10205,444,28038,2093,0,2320
10205,444,28050,2094,0,2312
10205,444,28066,2095,0,2320
10205,444,28080,2096,0,2312
10205,444,28092,2097,0,2320
10205,444,28105,2098,0,2312
10205,444,28119,2099,0,2320
10205,444,28133,2100,0,2312
10205,444,28145,2101,1,1924
10205,444,28159,2102,0,2312
10205,444,28172,2103,0,2320
10205,444,28186,2104,0,2312
10205,444,28198,2105,0,2320
10205,444,28213,2106,0,2312
10205,444,28225,2107,0,2320
10205,444,28238,2108,0,2312
10205,444,28253,2109,0,2320
10205,444,28266,2110,0,2312
10205,444,28280,2111,1,1924
10205,444,28292,2112,0,2312
10205,444,28306,2113,0,2320
10205,444,28319,2114,0,2312
10205,444,28333,2115,0,2320
10205,444,28345,2116,0,2312
10205,444,28359,2117,0,2320
10205,444,28372,2118,0,2312
10205,444,28386,2119,0,2320
10205,444,28398,2120,0,2312
10205,444,28413,2121,1,1924
10205,444,28427,2122,0,2312
10205,444,28438,2123,0,2320
10205,444,28453,2124,0,2312
10205,444,28466,2125,0,2320
10205,444,28478,2126,0,2312
10205,444,28492,2127,0,2320
10205,444,28506,2128,0,2312
10205,444,28519,2129,0,2320
10205,444,28533,2130,0,2312
10205,444,28545,2131,1,1924
10205,444,28559,2132,0,2312
10205,444,28573,2133,0,2320
10205,444,28586,2134,0,2312
10205,444,28598,2135,0,2320
10205,444,28613,2136,0,2312
10205,444,28627,2137,0,2320
10205,444,28638,2138,0,2312
10205,444,28653,2139,0,2320
10205,444,28666,2140,0,2312
10205,444,28678,2141,1,1924
10205,444,28692,2142,0,2312
10205,444,28706,2143,0,2320
10205,444,28720,2144,0,2312
10205,444,28733,2145,0,2320
10205,444,28747,2146,0,2312
10205,444,28759,2147,0,2320
10205,444,28773,2148,0,2312
10205,444,28786,2149,0,2320
10205,444,28800,2150,0,2312
10205,444,28811,2151,1,1924
10205,444,28827,2152,0,2312
10205,444,28838,2153,0,2320
10205,444,28853,2154,0,2312
10205,444,28866,2155,0,2320
10205,444,28880,2156,0,2312
10205,444,28894,2157,0,2320
10205,444,28906,2158,0,2312
10205,444,28920,2159,0,2320
10205,444,28933,2160,0,2312
10205,444,28947,2161,1,1924
10205,444,28959,2162,0,2312
10205,444,28973,2163,0,2320
10205,444,28986,2164,0,2312
10205,444,28998,2165,0,2320
10205,444,29011,2166,0,2312
10205,444,29027,2167,0,2320
10205,444,29041,2168,0,2312
10205,444,29053,2169,0,2320
10205,444,29067,2170,0,2312
10205,444,29080,2171,1,1924
10205,444,29094,2172,0,2312
10205,444,29106,2173,0,2320
10205,444,29120,2174,0,2312
10205,444,29133,2175,0,2320
10205,444,29147,2176,0,2312
10205,444,29159,2177,0,2320
10205,444,29173,2178,0,2312
10205,444,29186,2179,0,2320
10205,444,29198,2180,0,2312
10205,444,29213,2181,1,1924
10205,444,29227,2182,0,2312
10205,444,29241,2183,0,2320
10205,444,29253,2184,0,2312
10205,444,29267,2185,0,2320
10205,444,29280,2186,0,2312
10205,444,29294,2187,0,2320
10205,444,29306,2188,0,2312
10205,444,29319,2189,0,2320
10205,444,29333,2190,0,2312
10205,444,29347,2191,1,1924
10205,444,29361,2192,0,2312
10205,444,29373,2193,0,2320
10205,444,29388,2194,0,2312
10205,444,29400,2195,0,2320
10205,444,29413,2196,0,2312
10205,444,29427,2197,0,2320
10205,444,29441,2198,0,2312
10205,444,29453,2199,0,2320
10205,444,29467,2200,0,2312
10205,444,29480,2201,1,1924
10205,444,29494,2202,0,2312
10205,444,29508,2203,0,2320
10205,444,29520,2204,0,2312
10205,444,29534,2205,0,2320
10205,444,29547,2206,0,2312
10205,444,29561,2207,0,2320
10205,444,29573,2208,0,2312
10205,444,29588,2209,0,2320
10205,444,29598,2210,0,2312
10205,444,29613,2211,1,1924
10205,444,29627,2212,0,2312
10205,444,29641,2213,0,2320
10205,444,29653,2214,0,2312
10205,444,29667,2215,0,2320
10205,444,29681,2216,0,2312
10205,444,29694,2217,0,2320
10205,444,29708,2218,0,2312
10205,444,29720,2219,0,2320
10205,444,29734,2220,0,2312
10205,444,29747,2221,1,1924
10205,444,29761,2222,0,2312
10205,444,29773,2223,0,2320
10205,444,29788,2224,0,2312
10205,444,29798,2225,0,2320
10205,444,29813,2226,0,2312
10205,444,29827,2227,0,2320
10205,444,29841,2228,0,2312
10205,444,29855,2229,0,2320
10205,444,29867,2230,0,2312
10205,444,29881,2231,1,1924
10205,444,29894,2232,0,2312
10205,444,29908,2233,0,2320
10205,444,29920,2234,0,2312
10205,444,29933,2235,0,2320
10205,444,29947,2236,0,2312
10205,444,29961,2237,0,2320
10205,444,29973,2238,0,2312
10205,444,29988,2239,0,2320
10205,444,30002,2240,0,2312
10205,444,30013,2241,1,1924
10205,444,30028,2242,0,2312
10205,444,30041,2243,0,2320
10205,444,30055,2244,0,2312
10205,444,30067,2245,0,2320
10205,444,30081,2246,0,2312
10205,444,30094,2247,0,2320
10205,444,30108,2248,0,2312
10205,444,30120,2249,0,2320
10205,444,30134,2250,0,2312
10205,444,30148,2251,1,1924
10205,444,30159,2252,0,2312
10205,444,30175,2253,0,2320
10205,444,30187,2254,0,2312
10205,444,30202,2255,0,2320
10205,444,30213,2256,0,2312
10205,444,30228,2257,0,2320
10205,444,30241,2258,0,2312
10205,444,30255,2259,0,2320
10205,444,30267,2260,0,2312
10205,444,30281,2261,1,1924
10205,444,30294,2262,0,2312
10205,444,30308,2263,0,2320
10205,444,30322,2264,0,2312
10205,444,30334,2265,0,2320
10205,444,30348,2266,0,2312
10205,444,30359,2267,0,2320
10205,444,30375,2268,0,2312
10205,444,30387,2269,0,2320
10205,444,30402,2270,0,2312
10205,444,30414,2271,1,1924
10205,444,30428,2272,0,2312
10205,444,30441,2273,0,2320
10205,444,30453,2274,0,2312
10205,444,30469,2275,0,2320
10205,444,30481,2276,0,2312
10205,444,30495,2277,0,2320
10205,444,30508,2278,0,2312
10205,444,30522,2279,0,2320
10205,444,30534,2280,0,2312
10205,444,30548,2281,1,1924
10205,444,30561,2282,0,2312
10205,444,30575,2283,0,2320
10205,444,30587,2284,0,2312
10205,444,30602,2285,0,2320
10205,444,30614,2286,0,2312
10205,444,30628,2287,0,2320
10205,444,30642,2288,0,2312
10205,444,30655,2289,0,2320
10205,444,30669,2290,0,2312
10205,444,30680,2291,1,1924
10205,444,30695,2292,0,2312
10205,444,30708,2293,0,2320
10205,444,30722,2294,0,2312
10205,444,30734,2295,0,2320
10205,444,30748,2296,0,2312
10205,444,30761,2297,0,2320
10205,444,30775,2298,0,2312
10205,444,30789,2299,0,2320
10205,444,30802,2300,0,2312
10205,444,30816,2301,1,1924
10205,444,30828,2302,0,2312
10205,444,30842,2303,0,2320
10205,444,30855,2304,0,2312
10205,444,30869,2305,0,2320
10205,444,30880,2306,0,2312
10205,444,30895,2307,0,2320
10205,444,30908,2308,0,2312
10205,444,30922,2309,0,2320
10205,444,30936,2310,0,2312
10205,444,30948,2311,1,1924
10205,444,30962,2312,0,2312
10205,444,30975,2313,0,2320
10205,444,30989,2314,0,2312
10205,444,31002,2315,0,2320
10205,444,31016,2316,0,2312
10205,444,31028,2317,0,2320
10205,444,31042,2318,0,2312
10205,444,31055,2319,0,2320
10205,444,31069,2320,0,2312
10205,444,31081,2321,1,1924
10205,444,31095,2322,0,2312
10205,444,31109,2323,0,2320
10205,444,31122,2324,0,2312
10205,444,31136,2325,0,2320
10205,444,31148,2326,0,2312
10205,444,31162,2327,0,2320
10205,444,31175,2328,0,2312
10205,444,31189,2329,0,2320
10205,444,31202,2330,0,2312
10205,444,31216,2331,1,1924
10205,444,31228,2332,0,2312
10205,444,31241,2333,0,2320
10205,444,31256,2334,0,2312
10205,444,31269,2335,0,2320
10205,444,31283,2336,0,2312
10205,444,31295,2337,0,2320
10205,444,31309,2338,0,2312
10205,444,31322,2339,0,2320
10205,444,31336,2340,0,2312
10205,444,31348,2341,1,1924
10205,444,31362,2342,0,2312
10205,444,31375,2343,0,2320
10205,444,31389,2344,0,2312
10205,444,31402,2345,0,2320
10205,444,31416,2346,0,2312
10205,444,31430,2347,0,2320
10205,444,31441,2348,0,2312
10205,444,31456,2349,0,2320
10205,444,31469,2350,0,2312
10205,444,31483,2351,1,1924
10205,444,31495,2352,0,2312
10205,444,31509,2353,0,2320
10205,444,31522,2354,0,2312
10205,444,31536,2355,0,2320
10205,444,31548,2356,0,2312
10205,444,31562,2357,0,2320
10205,444,31577,2358,0,2312
10205,444,31589,2359,0,2320
10205,444,31602,2360,0,2312
10205,444,31616,2361,1,1924
10205,444,31630,2362,0,2312
10205,444,31641,2363,0,2320
10205,444,31655,2364,0,2312
10205,444,31669,2365,0,2320
10205,444,31683,2366,0,2312
10205,444,31695,2367,0,2320
10205,444,31709,2368,0,2312
10205,444,31722,2369,0,2320
10205,444,31736,2370,0,2312
10205,444,31750,2371,1,1924
10205,444,31762,2372,0,2312
10205,444,31775,2373,0,2320
10205,444,31789,2374,0,2312
10205,444,31802,2375,0,2320
10205,444,31816,2376,0,2312
10205,444,31830,2377,0,2320
10205,444,31841,2378,0,2312
10205,444,31856,2379,0,2320
10205,444,31869,2380,0,2312
10205,444,31881,2381,1,1924
10205,444,31897,2382,0,2312
10205,444,31909,2383,0,2320
10205,444,31922,2384,0,2312
10205,444,31936,2385,0,2320
10205,444,31948,2386,0,2312
10205,444,31962,2387,0,2320
10205,444,31977,2388,0,2312
10205,444,31989,2389,0,2320
10205,444,32002,2390,0,2312
10205,444,32016,2391,1,1924
10205,444,32030,2392,0,2312
10205,444,32041,2393,0,2320
10205,444,32056,2394,0,2312
10205,444,32070,2395,0,2320
10205,444,32083,2396,0,2312
10205,444,32097,2397,0,2320
10205,444,32109,2398,0,2312
10205,444,32122,2399,0,2320
10205,444,32136,2400,0,2312
10205,444,32148,2401,1,1924
10205,444,32162,2402,0,2312
10205,444,32177,2403,0,2320
10205,444,32189,2404,0,2312
10205,444,32202,2405,0,2320
10205,444,32217,2406,0,2312
10205,444,32230,2407,0,2320
10205,444,32244,2408,0,2312
10205,444,32256,2409,0,2320
10205,444,32270,2410,0,2312
10205,444,32283,2411,1,1924
10205,444,32297,2412,0,2312
10205,444,32309,2413,0,2320
10205,444,32322,2414,0,2312
10205,444,32336,2415,0,2320
10205,444,32348,2416,0,2312
10205,444,32364,2417,0,2320
10205,444,32377,2418,0,2312
10205,444,32391,2419,0,2320
10205,444,32402,2420,0,2312
10205,444,32417,2421,1,1924
10205,444,32430,2422,0,2312
10205,444,32444,2423,0,2320
10205,444,32456,2424,0,2312
10205,444,32470,2425,0,2320
10205,444,32483,2426,0,2312
10205,444,32497,2427,0,2320
10205,444,32509,2428,0,2312
10205,444,32522,2429,0,2320
10205,444,32537,2430,0,2312
10205,444,32548,2431,1,1924
10205,444,32564,2432,0,2312
10205,444,32577,2433,0,2320
10205,444,32591,2434,0,2312
10205,444,32602,2435,0,2320
10205,444,32617,2436,0,2312
10205,444,32630,2437,0,2320
10205,444,32644,2438,0,2312
10205,444,32656,2439,0,2320
10205,444,32670,2440,0,2312
10205,444,32684,2441,1,1924
10205,444,32697,2442,0,2312
10205,444,32711,2443,0,2320
10205,444,32722,2444,0,2312
10205,444,32737,2445,0,2320
10205,444,32748,2446,0,2312
10205,444,32764,2447,0,2320
10205,444,32777,2448,0,2312
10205,444,32791,2449,0,2320
10205,444,32802,2450,0,2312
10205,444,32816,2451,1,1924
10205,444,32830,2452,0,2312
10205,444,32844,2453,0,2320
10205,444,32856,2454,0,2312
10205,444,32870,2455,0,2320
10205,444,32884,2456,0,2312
10205,444,32895,2457,0,2320
10205,444,32911,2458,0,2312
10205,444,32922,2459,0,2320
10205,444,32937,2460,0,2312
10205,444,32950,2461,1,1924
10205,444,32964,2462,0,2312
10205,444,32977,2463,0,2320
10205,444,32989,2464,0,2312
10205,444,33005,2465,0,2320
10205,444,33016,2466,0,2312
10205,444,33031,2467,0,2320
10205,444,33044,2468,0,2312
10205,444,33058,2469,0,2320
10205,444,33070,2470,0,2312
10205,444,33084,2471,1,1924
10205,444,33097,2472,0,2312
10205,444,33111,2473,0,2320
10205,444,33122,2474,0,2312
10205,444,33137,2475,0,2320
10205,444,33148,2476,0,2312
10205,444,33164,2477,0,2320
10205,444,33177,2478,0,2312
10205,444,33189,2479,0,2320
10205,444,33205,2480,0,2312
10205,444,33216,2481,1,1924
10205,444,33231,2482,0,2312
10205,444,33244,2483,0,2320
10205,444,33258,2484,0,2312
10205,444,33270,2485,0,2320
10205,444,33284,2486,0,2312
10205,444,33297,2487,0,2320
10205,444,33311,2488,0,2312
10205,444,33325,2489,0,2320
10205,444,33337,2490,0,2312
10205,444,33352,2491,1,1924
10205,444,33364,2492,0,2312
10205,444,33377,2493,0,2320
10205,444,33391,2494,0,2312
10205,444,33405,2495,0,2320
10205,444,33417,2496,0,2312
10205,444,33431,2497,0,2320
10205,444,33444,2498,0,2312
10205,444,33458,2499,0,2320
10205,444,33470,2500,0,2312
10205,444,33484,2501,1,1924
10205,444,33498,2502,0,2312
10205,444,33511,2503,0,2320
10205,444,33525,2504,0,2312
10205,444,33537,2505,0,2320
10205,444,33550,2506,0,2312
10205,444,33564,2507,0,2320
10205,444,33577,2508,0,2312
10205,444,33591,2509,0,2320
10205,444,33605,2510,0,2312
10205,444,33617,2511,1,1924
10205,444,33631,2512,0,2312
10205,444,33645,2513,0,2320
10205,444,33658,2514,0,2312
10205,444,33672,2515,0,2320
10205,444,33684,2516,0,2312
10205,444,33698,2517,0,2320
10205,444,33711,2518,0,2312
10205,444,33725,2519,0,2320
10205,444,33737,2520,0,2312
10205,444,33750,2521,1,1924
10205,444,33764,2522,0,2312
10205,444,33777,2523,0,2320
10205,444,33792,2524,0,2312
10205,444,33805,2525,0,2320
10205,444,33819,2526,0,2312
10205,444,33831,2527,0,2320
10205,444,33845,2528,0,2312
10205,444,33858,2529,0,2320
10205,444,33872,2530,0,2312
10205,444,33884,2531,1,1924
10205,444,33898,2532,0,2312
10205,444,33911,2533,0,2320
10205,444,33925,2534,0,2312
10205,444,33937,2535,0,2320
10205,444,33952,2536,0,2312
10205,444,33966,2537,0,2320
10205,444,33977,2538,0,2312
10205,444,33991,2539,0,2320
10205,444,34005,2540,0,2312
10205,444,34019,2541,1,1924
10205,444,34031,2542,0,2312
10205,444,34045,2543,0,2320
